{
  "formatVersion": 1,
  "database": {
    "version": 1,
    "identityHash": "2907751153aa944ba589692ad11a1ed0",
    "entities": [
      {
        "tableName": "user_profile",
        "createSql": "CREATE TABLE IF NOT EXISTS `${TABLE_NAME}` (`id` INTEGER PRIMARY KEY AUTOINCREMENT NOT NULL, `gender` TEXT NOT NULL, `age` INTEGER NOT NULL, `height` INTEGER NOT NULL, `weight` INTEGER NOT NULL, `wakeUpTime` TEXT NOT NULL, `sleepTime` TEXT NOT NULL)",
        "fields": [
          {
            "fieldPath": "id",
            "columnName": "id",
            "affinity": "INTEGER",
            "notNull": true
          },
          {
            "fieldPath": "gender",
            "columnName": "gender",
            "affinity": "TEXT",
            "notNull": true
          },
          {
            "fieldPath": "age",
            "columnName": "age",
            "affinity": "INTEGER",
            "notNull": true
          },
          {
            "fieldPath": "height",
            "columnName": "height",
            "affinity": "INTEGER",
            "notNull": true
          },
          {
            "fieldPath": "weight",
            "columnName": "weight",
            "affinity": "INTEGER",
            "notNull": true
          },
          {
            "fieldPath": "wakeUpTime",
            "columnName": "wakeUpTime",
            "affinity": "TEXT",
            "notNull": true
          },
          {
            "fieldPath": "sleepTime",
            "columnName": "sleepTime",
            "affinity": "TEXT",
            "notNull": true
          }
        ],
        "primaryKey": {
          "autoGenerate": true,
          "columnNames": [
            "id"
          ]
        }
      }
    ],
    "setupQueries": [
      "CREATE TABLE IF NOT EXISTS room_master_table (id INTEGER PRIMARY KEY,identity_hash TEXT)",
      "INSERT OR REPLACE INTO room_master_table (id,identity_hash) VALUES(42, '2907751153aa944ba589692ad11a1ed0')"
    ]
  }
}